{
  "tracker_broadcast": {
    "type": "array",
    "orientation": "horizontal",
    "margin": "0,0",
    "content": [
      {
        "type": "array",
        "orientation": "vertical",
        "margin": "0,0",
        "content": [
          {
            "type": "itemgrid",
            "item_margin": "3,3",
            "v_alignment": "left",
            "item_size": 32,
            "rows": [
              [ "longsword", "battlesword", "flamesword" ],
              [ "dragonsword", "wsu", "devileye" ],
              [ "kaisersword", "wondersword", "" ]
                    ]

          },
          {
            "type": "array",
            "orientation": "vertical",
            "margin": "0,0",
            "content": [
              {
                "type": "itemgrid",
                "item_margin": "3,3",
                "v_alignment": "center",
                "item_size": 32,
                "rows": [
                  [ "acorns", "bombard",  "renew" ],
                  [ "thunder", "fireflor", "wandup" ],
                  [ "terstorm", "healmace", "ocarina" ],
                  [ "fleet", "specter", "healball" ]
                        ]
              }
            ]
          }
        ]
      },
      {
        "type": "array",
        "orientation": "vertical",
        "margin": "0,0",
        "content": [
            {
            "type": "itemgrid",
            "item_margin": "3,3",
            "v_alignment": "left",
            "item_size": 32,
            "rows": [
              [ "woodshield", "smallshield", "goldshield" ],
              [ "dragonshield", "metalshield", "tailshield" ],
              [ "battleshield", "furyshield", "" ]
                    ]
             },       
             {
              "type": "itemgrid",
              "item_margin": "3,3",
              "v_alignment": "center",
              "item_size": 32,
              "rows": [
                [ "gold", "ring", "medicinalherbs"],
                [ "dragonscale", "thievesbracelet","key" ],
                [ "flute", "red", "blue" ],
                [ "crest", "wakkaseed", "nockmaar" ],
                [  "glassnecklace", "dust", "witchshoes" ]
                      ]  
              }
          ]
      }
    ]
  }
}
