{
"tracker_capture_item": {
    "type": "array",
    "orientation": "horizontal",
    "margin": "0,0",
    "content": [
      {
        "type": "itemgrid",
        "item_margin": "3,3",
        "v_alignment": "center",
        "item_size": 32,
        "rows": [
          [ "gold", "ring", "medicinalherbs"],
          [ "dragonscale", "thievesbracelet","key" ],
          [ "flute", "red", "blue" ],
          [ "crest", "wakkaseed", "nockmaar" ],
          [ "glassnecklace", "dust", "witchshoes" ]
    ]
      }
    ]
  },
  "tracker_horizontal": {
    "type": "container",
    "background": "#000000",
    "content": {
      "type": "dock",
      "dropshadow": true,
      "content": [
        {
          "type": "dock",
          "dock": "bottom",
          "content": [
            {
              "type": "group",
              "header": "Weapons",
              "dock": "left",
              "margin": "0,0,3,0",
              "content": {
                "type": "array",
                "orientation": "horizontal",
                "margin": "0,0",
                "content": [
                  {
                    "type": "itemgrid",
                    "item_margin": "3,3",
                    "h_alignment": "left",
                    "item_size": 32,
                    "rows": [
                      [ "longsword", "battlesword", "flamesword" ],
                      [ "dragonsword", "wsu", "devileye" ],
                      [ "kaisersword", "wondersword", "" ]
                            ]
                  }
                ]
              }
            },
	          {
              "type": "group",
              "header": "Shields",
              "dock": "left",
              "margin": "0,0,3,0",
              "content": {
                "type": "array",
                "orientation": "horizontal",
                "margin": "0,0",
                "content": [
                  {
                    "type": "itemgrid",
                    "item_margin": "3,3",
                    "h_alignment": "left",
                    "item_size": 32,
                    "rows": [
                      [ "woodshield", "smallshield", "goldshield" ],
                      [ "dragonshield", "metalshield", "tailshield" ],
                      [ "battleshield", "furyshield", "" ]
                          ]
                  }
                ]
              }
            },
	          {
              "type": "group",
              "header": "Magic",
              "dock": "left",
              "margin": "0,0,3,0",
              "content": {
                "type": "array",
                "orientation": "horizontal",
                "margin": "0,0",
                "content": [
                  {
                    "type": "itemgrid",
                    "item_margin": "3,3",
                    "v_alignment": "top",
                    "item_size": 32,
                    "rows": [
                      [ "acorns", "bombard",  "renew" ],
                      [ "thunder", "fireflor", "wandup" ],
                      [ "terstorm", "healmace", "ocarina" ],
                      [ "fleet", "specter", "healball" ]
                    ]
                  }
                ]
              }
            },
            {
              "type": "group",
              "header": "Key Items",
              "dock": "left",
              "margin": "0,0,3,0",
              "content": {
                "type": "array",
                "orientation": "horizontal",
                "margin": "0,0",
                "content": [
                  {
                    "type": "itemgrid",
                    "item_margin": "3,3",
                    "v_alignment": "top",
                    "item_size": 32,
                    "rows": [
                      [ "gold", "ring", "medicinalherbs"],
                      [ "dragonscale", "thievesbracelet","key" ],
                      [ "flute", "red", "blue" ],
                      [ "crest", "wakkaseed", "nockmaar" ],
                      [ "glassnecklace", "dust", "witchshoes" ]
                            ]
                  }
                ]
              }
            },
            {
              "type": "group",
              "header": "Pinned Locations",
              "content": {
                "type": "recentpins",
                "style": "wrap",
                "h_alignment": "stretch",
                "v_alignment": "top",
                "orientation": "horizontal",
                "compact": true
              }
            }
          ]
        },
        {
          "type": "tabbed",
          "tabs": [
	          {
              "title": "WorldMap",
              "content": {
                "type": "map",
                "maps": [
                  "worldmap"
                ]
              }
            },
            {
              "title": "Area 1-1",
              "content": {
                "type": "map",
                "maps": [
                  "areavn", "areard", "areavd"
                ]
              }
            },
            {
              "title": "Area 1-2",
              "content": {
                "type": "map",
                "maps": [
                  "areadf", "areabc", "areawd"
                ]
              }
            },
            {
              "title": "Area 2",
              "content": {
                "type": "map",
                "maps": [
                  "deadforest", "matandascaves"
                ]
              }
            },
            {
              "title": "Area 3",
              "content": {
                "type": "map",
                "maps": [
                  "lakecheef"
                ]
              }
            },
            {
              "title": "Area 4",
              "content": {
                "type": "map",
                "maps": [
                  "underislandcaves", "twotowers"
                ]
              }
            },
            {
              "title": "Area 5",
              "content": {
                "type": "map",
                "maps": [
                  "mountainmaze", "redcaves", "tirasleenbridge"
                ]
              }
            },
            {
              "title": "Area 6",
              "content": {
                "type": "map",
                "maps": [
                  "tirasleen", "cliffs"
                ]
              }
            },
            {
              "title": "Area 6-C",
              "content": {
                "type": "map",
                "maps": [
                  "tirasleencastle", "tir2f"
                ]
              }
            },
            {
              "title": "Area 7",
              "content": {
                "type": "map",
                "maps": [
                  "nockmaarcaves", "bluemountains"
                ]
              }
            },
            {
              "title": "Area 7-C",
              "content": {
                "type": "map",
                "maps": [
                  "nockcastle", "nockcas2"
                ]
              }
            }
          ]
        }
      ]
    }
  }
}
