[
  {
    "name": "worldmap",
		"location_size": 200,
		"location_border_thickness": 5,
    "img": "images/map/willowwarpmap.png"
  },
  {
    "name": "areavn",
		"location_size": 50,
		"location_border_thickness": 5,
    "img": "images/map/nelwyn.jpg"
  },
  {
    "name": "areard",
		"location_size": 50,
		"location_border_thickness": 5,
    "img": "images/map/roadtodew.jpg"
  },
  {
    "name": "areavd",
		"location_size": 50,
		"location_border_thickness": 5,
    "img": "images/map/dew.jpg"
  },
  {
    "name": "areadf",
		"location_size": 50,
		"location_border_thickness": 5,
    "img": "images/map/dewforest.jpg"
  },
  {
    "name": "areabc",
		"location_size": 50,
		"location_border_thickness": 5,
    "img": "images/map/bogardacaves.jpg"
  },
  {
    "name": "areawd",
		"location_size": 50,
		"location_border_thickness": 5,
    "img": "images/map/westdew.jpg"
  },
  {
    "name": "deadforest",
		"location_size": 50,
		"location_border_thickness": 5,
    "img": "images/map/area2/deathforest.jpg"
  },
  {
    "name": "matandascaves",
		"location_size": 50,
		"location_border_thickness": 5,
    "img": "images/map/area2/matanda.jpg"
  },
  {
    "name": "lakecheef",
		"location_size": 50,
		"location_border_thickness": 5,
    "img": "images/map/area3/lakecheef.jpg"
  },
  {
    "name": "underislandcaves",
		"location_size": 50,
		"location_border_thickness": 5,
    "img": "images/map/area4/underisland.jpg"
  },
  {
    "name": "twotowers",
		"location_size": 50,
		"location_border_thickness": 5,
    "img": "images/map/area4/twotowers.jpg"
  },
  {
    "name": "mountainmaze",
		"location_size": 50,
		"location_border_thickness": 5,
    "img": "images/map/area5/mountainmaze.jpg"
  },
  {
    "name": "redcaves",
		"location_size": 50,
		"location_border_thickness": 5,
    "img": "images/map/area5/redcaves.jpg"
  },
  {
    "name": "tirasleenbridge",
		"location_size": 50,
		"location_border_thickness": 5,
    "img": "images/map/area5/tirasleenbridge.jpg"
  },
  {
    "name": "tirasleen",
		"location_size": 50,
		"location_border_thickness": 5,
    "img": "images/map/area6/tirasleen.jpg"
  },
  {
    "name": "cliffs",
		"location_size": 50,
		"location_border_thickness": 5,
    "img": "images/map/area6/cliffs.jpg"
  },
  {
    "name": "tirasleencastle",
		"location_size": 50,
		"location_border_thickness": 5,
    "img": "images/map/area6/tirasleencastle.jpg"
  },
  {
    "name": "tir2f",
		"location_size": 50,
		"location_border_thickness": 5,
    "img": "images/map/area6/tirasleencastle2.jpg"
  },
  {
    "name": "nockmaarcaves",
		"location_size": 50,
		"location_border_thickness": 5,
    "img": "images/map/area7/nockmaarcaves.jpg"
  },
  {
    "name": "bluemountains",
		"location_size": 50,
		"location_border_thickness": 5,
    "img": "images/map/area7/bluemountains.jpg"
  },
  {
    "name": "nockcastle",
		"location_size": 50,
		"location_border_thickness": 5,
    "img": "images/map/area7/nockmaar.jpg"
  },
  {
    "name": "nockcas2",
		"location_size": 50,
		"location_border_thickness": 5,
    "img": "images/map/area7/nockmaar2.jpg"
  }
]
