[
  {
    "name": "All Location",
    "children":
    [
      {
         "name": "Area 1",
				 "color": "#609040",
         "access_rules": 
          [
           ""
          ],
           "children":
           [
              {
               "name": "Npc",
               "access_rules":
                [
                 ""
                ],
                "sections":
                [
                  {
                    "name": "The High Aldwin's",
                    "chest_unopened_img": "images/sqares.png",
                    "chest_opened_img": "images/open.png",
                    "item_count": 1
                  }
                ],
                "map_locations":
                [
                  {
                    "map": "worldmap",
                    "x": 4255,
                    "y": 6800
                  },
                  {
                      "map": "areavn",
                      "x": 578,
                      "y": 290
                  }
                ]
              },
               {
                "name": "Npc",
                "access_rules":
                 [
                  ""
                 ],
                 "sections":
                 [
                   {
                     "name": "Wood Shield Provider's Home",
                     "chest_unopened_img": "images/sqares.png",
                     "chest_opened_img": "images/open.png",
                     "item_count": 1
                   }
                 ],
                 "map_locations":
                 [
                   {
                     "map": "worldmap",
                     "x": 3035,
                     "y": 5450
                   },
                   {
                       "map": "areavd",
                       "x": 50,
                       "y": 410
                   }
                 ]
               },
               {
                "name": "Npc",
                "access_rules":
                 [
                  "woodshield"
                 ],
                 "sections":
                 [
                   {
                     "name": "Village Chief's",
                     "chest_unopened_img": "images/sqares.png",
                     "chest_opened_img": "images/open.png",
                     "item_count": 1
                   }
                 ],
                 "map_locations":
                 [
                   {
                     "map": "worldmap",
                     "x": 3700,
                     "y": 4700
                   },
                   {
                       "map": "areavd",
                       "x": 460,
                       "y": 50
                   }
                 ]
               },
               {
                "name": "Npc",
                "access_rules":
                 [
                  "dragonscale"
                 ],
                 "sections":
                 [
                   {
                     "name": "Old Blacksmith",
                     "chest_unopened_img": "images/sqares.png",
                     "chest_opened_img": "images/open.png",
                     "item_count": 1
                   }
                 ],
                 "map_locations":
                 [
                   {
                     "map": "worldmap",
                     "x": 4300,
                     "y": 5150
                   },
                   {
                       "map": "areavd",
                       "x": 670,
                       "y": 290
                   }
                 ]
               },
               {
                "name": "Chest",
                "access_rules":
                 [
                  ""
                 ],
                 "sections":
                 [
                   {
                     "name": "Chest",
                     "chest_unopened_img": "images/sqares.png",
                     "chest_opened_img": "images/open.png",
                     "item_count": 1
                   }
                 ],
                 "map_locations":
                 [
                   {
                     "map": "worldmap",
                     "x": 2970,
                     "y": 3900
                   },
                   {
                       "map": "areadf",
                       "x": 70,
                       "y": 180
                   }
                 ]
               },
               {
                "name": "Chest",
                "access_rules":
                 [
                  "gold"
                 ],
                 "sections":
                 [
                   {
                     "name": "Fighter's Ring Cave",
                     "chest_unopened_img": "images/sqares.png",
                     "chest_opened_img": "images/open.png",
                     "item_count": 1
                   }
                 ],
                 "map_locations":
                 [
                   {
                     "map": "worldmap",
                     "x": 1980,
                     "y": 1100
                   },
                   {
                       "map": "areabc",
                       "x": 280,
                       "y": 960
                   }
                 ]
               },
               {
                "name": "Chest",
                "access_rules":
                 [
                  "gold"
                 ],
                 "sections":
                 [
                   {
                     "name": "Chest",
                     "chest_unopened_img": "images/sqares.png",
                     "chest_opened_img": "images/open.png",
                     "item_count": 1
                   }
                 ],
                 "map_locations":
                 [
                   {
                     "map": "worldmap",
                     "x": 1250,
                     "y": 1270
                   },
                   {
                       "map": "areabc",
                       "x": 495,
                       "y": 550
                   }
                 ]
               },
               {
                "name": "Boss",
                "access_rules":
                 [
                  "gold"
                 ],
                 "sections":
                 [
                   {
                     "name": "Bogarda",
                     "chest_unopened_img": "images/sqares.png",
                     "chest_opened_img": "images/open.png",
                     "item_count": 1
                   }
                 ],
                 "map_locations":
                 [
                   {
                     "map": "worldmap",
                     "x": 1600,
                     "y": 1550
                   },
                   {
                       "map": "areabc",
                       "x": 620,
                       "y": 640
                   }
                 ]
               },
               {
                "name": "Chest",
                "access_rules":
                 [
                  ""
                 ],
                 "sections":
                 [
                   {
                     "name": "Small Shield Cave",
                     "chest_unopened_img": "images/sqares.png",
                     "chest_opened_img": "images/open.png",
                     "item_count": 1
                   }
                 ],
                 "map_locations":
                 [
                   {
                     "map": "worldmap",
                     "x": 650,
                     "y": 100
                   },
                   {
                       "map": "areawd",
                       "x": 300,
                       "y": 40
                   }
                 ]
               }
           ]
      },
      {
        "name": "Area 2",
        "color": "#94942b",
        "access_rules": 
         [
          ""
         ],
          "children":
          [
             {
              "name": "Npc",
              "access_rules":
               [
                ""
               ],
               "sections":
               [
                 {
                   "name": "Po's Home",
                   "chest_unopened_img": "images/sqares.png",
                   "chest_opened_img": "images/open.png",
                   "item_count": 1
                 }
               ],
               "map_locations":
               [
                 {
                   "map": "worldmap",
                   "x": 850,
                   "y": 4600
                 },
                 {
                     "map": "deadforest",
                     "x": 450,
                     "y": 1010
                 }
               ]
             },
             {
              "name": "Chest",
              "access_rules":
               [
                ""
               ],
               "sections":
               [
                 {
                   "name": "Chest",
                   "chest_unopened_img": "images/sqares.png",
                   "chest_opened_img": "images/open.png",
                   "item_count": 1
                 }
               ],
               "map_locations":
               [
                {
                  "map": "worldmap",
                  "x": 3450,
                  "y": 1330
                },
                {
                    "map": "matandascaves",
                    "x": 200,
                    "y": 480
                }
              ]
             },
             {
              "name": "Chest",
              "access_rules":
               [
                ""
               ],
               "sections":
               [
                 {
                   "name": "Chest",
                   "chest_unopened_img": "images/sqares.png",
                   "chest_opened_img": "images/open.png",
                   "item_count": 1
                 }
               ],
               "map_locations":
               [
                 {
                   "map": "worldmap",
                   "x": 2700,
                   "y": 650
                 },
                 {
                     "map": "matandascaves",
                     "x": 1050,
                     "y": 330
                 }
               ]
             },
             {
              "name": "Chest",
              "access_rules":
               [
                ""
               ],
               "sections":
               [
                 {
                   "name": "Chest",
                   "chest_unopened_img": "images/sqares.png",
                   "chest_opened_img": "images/open.png",
                   "item_count": 1
                 }
               ],
               "map_locations":
               [
                 {
                   "map": "worldmap",
                   "x": 2700,
                   "y": 1080
                 },
                 {
                     "map": "matandascaves",
                     "x": 1000,
                     "y": 580
                 }
               ]
             },
             {
              "name": "Npc",
              "access_rules":
               [
                ""
               ],
               "sections":
               [
                 {
                   "name": "Dragon",
                   "chest_unopened_img": "images/sqares.png",
                   "chest_opened_img": "images/open.png",
                   "item_count": 1
                 }
               ],
               "map_locations":
               [
                 {
                   "map": "worldmap",
                   "x": 3200,
                   "y": 1280
                 },
                 {
                     "map": "matandascaves",
                     "x": 1300,
                     "y": 750
                 }
               ]
             }
          ]
      },
      {
        "name": "Area 3",
        "color": "#303da1",
        "access_rules": 
         [
          ""
         ],
          "children":
          [
            {
              "name": "Npc",
              "access_rules":
               [
                ""
               ],
               "sections":
               [
                 {
                   "name": "Fairy Cherlindrea",
                   "chest_unopened_img": "images/sqares.png",
                   "chest_opened_img": "images/open.png",
                   "item_count": 1
                 }
               ],
               "map_locations":
               [
                 {
                   "map": "worldmap",
                   "x": 2600,
                   "y": 4900
                 },
                 {
                     "map": "lakecheef",
                     "x": 850,
                     "y": 1200
                 }
               ]
             },
             {
              "name": "Chest",
              "access_rules":
               [
                ""
               ],
               "sections":
               [
                 {
                   "name": "Chest",
                   "chest_unopened_img": "images/sqares.png",
                   "chest_opened_img": "images/open.png",
                   "item_count": 1
                 }
               ],
               "map_locations":
               [
                 {
                   "map": "worldmap",
                   "x": 730,
                   "y": 3750
                 },
                 {
                     "map": "lakecheef",
                     "x": 50,
                     "y": 800
                 }
               ]
             },
             {
              "name": "Chest",
              "access_rules":
               [
                ""
               ],
               "sections":
               [
                 {
                   "name": "Chest",
                   "chest_unopened_img": "images/sqares.png",
                   "chest_opened_img": "images/open.png",
                   "item_count": 1
                 }
               ],
               "map_locations":
               [
                {
                  "map": "worldmap",
                  "x": 1900,
                  "y": 3600
                },
                {
                    "map": "lakecheef",
                    "x": 520,
                    "y": 680
                }
              ]
             },
             {
              "name": "Npc, NEED LV 13",
              "access_rules":
               [
                "wand, wakkaseed", "wand, crest, dust", "wand, crest, specter, witchshoes"
               ],
               "sections":
               [
                 {
                   "name": "Fin Raziel, NEED 39340 EXP, And Right Click On It",
                   "hosted_item": "wandup"                 }
               ],
               "map_locations":
               [
                 {
                   "map": "worldmap",
                   "x": 1650,
                   "y": 2950
                 },
                 {
                     "map": "lakecheef",
                     "x": 290,
                     "y": 500
                 }
               ]
             },
             {
              "name": "Npc",
              "access_rules":
               [
                "ocarina, key"
               ],
               "sections":
               [
                 {
                   "name": "Madmartigan",
                   "chest_unopened_img": "images/sqares.png",
                   "chest_opened_img": "images/open.png",
                   "item_count": 1
                 }
               ],
               "map_locations":
               [
                 {
                   "map": "worldmap",
                   "x": 1980,
                   "y": 3200
                 },
                 {
                     "map": "lakecheef",
                     "x": 570,
                     "y": 580
                 }
               ]
             },
             {
              "name": "Npc",
              "access_rules":
               [
                "glassnecklace"
               ],
               "sections":
               [
                 {
                   "name": "Kchil of the Nail Clan, ENTRER IN BAR TO TRIGGER THE SPOT",
                   "chest_unopened_img": "images/sqares.png",
                   "chest_opened_img": "images/open.png",
                   "item_count": 1
                 }
               ],
               "map_locations":
               [
                 {
                   "map": "worldmap",
                   "x": 2750,
                   "y": 4300
                 },
                 {
                     "map": "lakecheef",
                     "x": 880,
                     "y": 980
                 }
               ]
             }
          ]
      },    
      {
        "name": "Area 4",
        "color": "#704219",
        "access_rules": 
         [
          "wakkaseed", "dust, crest", "specter, crest, witchshoes"
         ],
          "children":
          [
             {
              "name": "Chest",
              "access_rules":
               [
                ""
               ],
               "sections":
               [
                 {
                   "name": "Chest",
                   "chest_unopened_img": "images/sqares.png",
                   "chest_opened_img": "images/open.png",
                   "item_count": 1
                 }
               ],
               "map_locations":
               [
                 {
                   "map": "worldmap",
                   "x": 4750,
                   "y": 150
                 },
                 {
                     "map": "underislandcaves",
                     "x": 380,
                     "y": 930
                 }
               ]
             },
             {
              "name": "Chest",
              "access_rules":
               [
                ""
               ],
               "sections":
               [
                 {
                   "name": "Chest",
                   "chest_unopened_img": "images/sqares.png",
                   "chest_opened_img": "images/open.png",
                   "item_count": 1
                 }
               ],
               "map_locations":
               [
                {
                  "map": "worldmap",
                  "x": 6050,
                  "y": 1800
                },
                {
                    "map": "underislandcaves",
                    "x": 490,
                    "y": 630
                }
              ]
             },
             {
              "name": "Chest",
              "access_rules":
               [
                ""
               ],
               "sections":
               [
                 {
                   "name": "Chest",
                   "chest_unopened_img": "images/sqares.png",
                   "chest_opened_img": "images/open.png",
                   "item_count": 1
                 }
               ],
               "map_locations":
               [
                 {
                   "map": "worldmap",
                   "x": 6050,
                   "y": 2050
                 },
                 {
                     "map": "underislandcaves",
                     "x": 490,
                     "y": 730
                 }
               ]
             },
             {
              "name": "Chest",
              "access_rules":
               [
                ""
               ],
               "sections":
               [
                 {
                   "name": "Chest",
                   "chest_unopened_img": "images/sqares.png",
                   "chest_opened_img": "images/open.png",
                   "item_count": 1
                 }
               ],
               "map_locations":
               [
                 {
                   "map": "worldmap",
                   "x": 6800,
                   "y": 1500
                 },
                 {
                     "map": "underislandcaves",
                     "x": 830,
                     "y": 530
                 }
               ]
             },
             {
              "name": "Npc",
              "access_rules":
               [
                ""
               ],
               "sections":
               [
                 {
                   "name": "Zhena",
                   "chest_unopened_img": "images/sqares.png",
                   "chest_opened_img": "images/open.png",
                   "item_count": 1
                 }
               ],
               "map_locations":
               [
                 {
                   "map": "worldmap",
                   "x": 900,
                   "y": 2700
                 },
                 {
                     "map": "underislandcaves",
                     "x": 950,
                     "y": 850
                 }
               ]
             },
             {
              "name": "Boss",
              "access_rules":
               [
                "flute"
               ],
               "sections":
               [
                 {
                   "name": "Muzh",
                   "chest_unopened_img": "images/sqares.png",
                   "chest_opened_img": "images/open.png",
                   "item_count": 1
                 }
               ],
               "map_locations":
               [
                 {
                   "map": "worldmap",
                   "x": 5500,
                   "y": 1080
                 },
                 {
                     "map": "underislandcaves",
                     "x": 80,
                     "y": 350
                 }
               ]
             },
             {
              "name": "Npc",
              "access_rules":
               [
                "red"
               ],
               "sections":
               [
                 {
                   "name": "Elora Danan",
                   "chest_unopened_img": "images/sqares.png",
                   "chest_opened_img": "images/open.png",
                   "item_count": 1
                 }
               ],
               "map_locations":
               [
                 {
                   "map": "worldmap",
                   "x": 900,
                   "y": 2000
                 },
                 {
                     "map": "twotowers",
                     "x": 630,
                     "y": 80
                 }
               ]
             },
             {
              "name": "Npc",
              "access_rules":
               [
                "flute"
               ],
               "sections":
               [
                 {
                   "name": "Spirit of the Skies",
                   "chest_unopened_img": "images/sqares.png",
                   "chest_opened_img": "images/open.png",
                   "item_count": 1
                 }
               ],
               "map_locations":
               [
                 {
                   "map": "worldmap",
                   "x": 4200,
                   "y": 6120
                 },
                 {
                     "map": "twotowers",
                     "x": 780,
                     "y": 780
                 }
               ]
             },
             {
              "name": "Npc",
              "access_rules":
               [
                "blue"
               ],
               "sections":
               [
                 {
                   "name": "Spirit of the Earth",
                   "chest_unopened_img": "images/sqares.png",
                   "chest_opened_img": "images/open.png",
                   "item_count": 1
                 }
               ],
               "map_locations":
               [
                 {
                   "map": "worldmap",
                   "x": 600,
                   "y": 4400
                 },
                 {
                     "map": "twotowers",
                     "x": 780,
                     "y": 1100
                 }
               ]
             }
          ]
      },    
      {
        "name": "Area 5",
        "color": "#d90909",
        "access_rules": 
         [
          ""
         ],
          "children":
          [
             {
              "name": "Chest",
              "access_rules":
               [
                "crest, wakkaseed", "dust", "specter, witchshoes"
               ],
               "sections":
               [
                 {
                   "name": "Chest",
                   "chest_unopened_img": "images/sqares.png",
                   "chest_opened_img": "images/open.png",
                   "item_count": 1
                 }
               ],
               "map_locations":
               [
                 {
                   "map": "worldmap",
                   "x": 4000,
                   "y": 1400
                 },
                 {
                     "map": "mountainmaze",
                     "x": 850,
                     "y": 60
                 }
               ]
             },
             {
              "name": "Npc",
              "access_rules":
               [
                "crest, wakkaseed", "dust", "specter, witchshoes"
               ],
               "sections":
               [
                 {
                   "name": "Thunder Lady' Home",
                   "chest_unopened_img": "images/sqares.png",
                   "chest_opened_img": "images/open.png",
                   "item_count": 1
                 }
               ],
               "map_locations":
               [
                {
                  "map": "worldmap",
                  "x": 4200,
                  "y": 3000
                },
                {
                    "map": "mountainmaze",
                    "x": 920,
                    "y": 600
                }
              ]
             },
             {
              "name": "Chest",
              "access_rules":
               [
                "crest,wakkaseed", "dust", "specter,witchshoes"
               ],
               "sections":
               [
                 {
                   "name": "Chest",
                   "chest_unopened_img": "images/sqares.png",
                   "chest_opened_img": "images/open.png",
                   "item_count": 1
                 }
               ],
               "map_locations":
               [
                 {
                   "map": "worldmap",
                   "x": 5300,
                   "y": 1300
                 },
                 {
                     "map": "mountainmaze",
                     "x": 1300,
                     "y": 50
                 }
               ]
             },
             {
              "name": "Npc",
              "access_rules":
               [
                "Old, witchshoes", "Old, specter, dust", "Old, specter, crest, wakkaseed"
               ],
               "sections":
               [
                 {
                   "name": "Old Man",
                   "chest_unopened_img": "images/sqares.png",
                   "chest_opened_img": "images/open.png",
                   "item_count": 1
                 }
               ],
               "map_locations":
               [
                 {
                   "map": "worldmap",
                   "x": 4600,
                   "y": 4400
                 },
                 {
                     "map": "redcaves",
                     "x": 130,
                     "y": 100
                 }
               ]
             },
             {
              "name": "Npc",
              "access_rules":
               [
                "witchshoes", "specter, dust", "specter, crest, wakkaseed"
               ],
               "sections":
               [
                 {
                   "name": "Adik of the Eagle Clan",
                   "chest_unopened_img": "images/sqares.png",
                   "chest_opened_img": "images/open.png",
                   "item_count": 1
                 }
               ],
               "map_locations":
               [
                 {
                   "map": "worldmap",
                   "x": 8100,
                   "y": 100
                 },
                 {
                     "map": "tirasleenbridge",
                     "x": 950,
                     "y": 420
                 }
               ]
             },
             {
              "name": "Npc",
              "access_rules":
               [
                "witchshoes", "specter, dust", "specter, crest, wakkaseed"
               ],
               "sections":
               [
                 {
                   "name": "Old Woman to trigger Old Man (red caves)",
                   "hosted_item": "Old"
                        }
               ],
               "map_locations":
               [
                 {
                   "map": "worldmap",
                   "x": 7800,
                   "y": 600
                 },
                 {
                     "map": "tirasleenbridge",
                     "x": 850,
                     "y": 590
                 }
               ]
             }
          ]
      },    
      {
        "name": "Area 6",
        "color": "#21d1c2",
        "access_rules": 
         [
          ""
         ],
          "children":
          [
             {
              "name": "Npc",
              "access_rules":
               [
                "wingsword, wsu"
               ],
               "sections":
               [
                 {
                   "name": "Old Lady ( Need Wing Sword + upgrade )",
                   "chest_unopened_img": "images/sqares.png",
                   "chest_opened_img": "images/open.png",
                   "item_count": 1
                 }
               ],
               "map_locations":
               [
                 {
                   "map": "worldmap",
                   "x": 6300,
                   "y": 2500
                 },
                 {
                     "map": "tirasleen",
                     "x": 350,
                     "y": 140
                 }
               ]
             },
             {
              "name": "Npc",
              "access_rules":
               [
                ""
               ],
               "sections":
               [
                 {
                   "name": "Old Lady  (open Tir Asleen Castle)",
                   "hosted_item": "old2"
                 }
               ],
               "map_locations":
               [
                {
                  "map": "worldmap",
                  "x": 7100,
                  "y": 100
                },
                {
                    "map": "cliffs",
                    "x": 100,
                    "y": 50
                }
              ]
             }
        ]
      },    
      {
        "name": "Area 6-c",
        "color": "#0b3632",
        "access_rules": 
         [
          ""
         ],
          "children":
          [
             {
              "name": "Npc",
              "access_rules":
               [
                "old2"
               ],
               "sections":
               [
                 {
                   "name": "Airk",
                   "chest_unopened_img": "images/sqares.png",
                   "chest_opened_img": "images/open.png",
                   "item_count": 1
                 }
               ],
               "map_locations":
               [
                 {
                   "map": "worldmap",
                   "x": 4500,
                   "y": 6100
                 },
                 {
                     "map": "tirasleencastle",
                     "x": 80,
                     "y": 400
                 }
               ]
             },
             {
              "name": "Boss",
              "access_rules":
               [
                "old2"
               ],
               "sections":
               [
                 {
                   "name": "Edorsisk",
                   "chest_unopened_img": "images/sqares.png",
                   "chest_opened_img": "images/open.png",
                   "item_count": 1
                 }
               ],
               "map_locations":
               [
                {
                  "map": "worldmap",
                  "x": 4500,
                  "y": 5900
                },
                {
                    "map": "tirasleencastle",
                    "x": 60,
                    "y": 300
                }
              ]
             },
             {
              "name": "Chest",
              "access_rules":
               [
                "old2"
               ],
               "sections":
               [
                 {
                   "name": "Chest",
                   "chest_unopened_img": "images/sqares.png",
                   "chest_opened_img": "images/open.png",
                   "item_count": 1
                 }
               ],
               "map_locations":
               [
                 {
                   "map": "worldmap",
                   "x": 6000,
                   "y": 6850
                 },
                 {
                     "map": "tir2f",
                     "x": 310,
                     "y": 200
                 }
               ]
             },
             {
              "name": "Chest",
              "access_rules":
               [
                "old2"
               ],
               "sections":
               [
                 {
                   "name": "Chest",
                   "chest_unopened_img": "images/sqares.png",
                   "chest_opened_img": "images/open.png",
                   "item_count": 1
                 }
               ],
               "map_locations":
               [
                 {
                   "map": "worldmap",
                   "x": 7300,
                   "y": 6850
                 },
                 {
                     "map": "tir2f",
                     "x": 750,
                     "y": 200
                 }
               ]
             }
          ]
      },    
      {
        "name": "Area 7",
        "color": "#752085",
        "access_rules": 
         [
          "dust"
         ],
          "children":
          [
             {
              "name": "Chest",
              "access_rules":
               [
                ""
               ],
               "sections":
               [
                 {
                   "name": "Chest",
                   "chest_unopened_img": "images/sqares.png",
                   "chest_opened_img": "images/open.png",
                   "item_count": 1
                 }
               ],
               "map_locations":
               [
                 {
                   "map": "worldmap",
                   "x": 6500,
                   "y": 5400
                 },
                 {
                     "map": "nockmaarcaves",
                     "x": 280,
                     "y": 350
                 }
               ]
             }
          ]
      },    
      {
        "name": "Area 7-c",
        "color": "#28062e",
        "access_rules": 
         [
          "dust"
         ],
          "children":
          [
             {
              "name": "Npc",
              "access_rules":
               [
                "wingsword, specter"
               ],
               "sections":
               [
                 {
                   "name": "Abang of the Eagle Clan",
                   "chest_unopened_img": "images/sqares.png",
                   "chest_opened_img": "images/open.png",
                   "item_count": 1
                 }
               ],
               "map_locations":
               [
                 {
                   "map": "worldmap",
                   "x": 7000,
                   "y": 5900
                 },
                 {
                     "map": "nockcastle",
                     "x": 220,
                     "y": 350
                 }
               ]
             },
             {
              "name": "Boss",
              "access_rules":
               [
                "nockmaar, specter"
               ],
               "sections":
               [
                 {
                   "name": "General Kael",
                   "chest_unopened_img": "images/sqares.png",
                   "chest_opened_img": "images/open.png",
                   "item_count": 1
                 }
               ],
               "map_locations":
               [
                {
                  "map": "worldmap",
                  "x": 7600,
                  "y": 4200
                },
                {
                    "map": "nockcas2",
                    "x": 420,
                    "y": 120
                }
              ]
             },
             {
              "name": "Boss",
              "access_rules":
               [
                "nockmaar, wandup, specter"
               ],
               "sections":
               [
                 {
                   "name": "Queen Bavmorda",
                   "chest_unopened_img": "images/sqares.png",
                   "chest_opened_img": "images/open.png",
                   "item_count": 1
                 }
               ],
               "map_locations":
               [
                 {
                   "map": "worldmap",
                   "x": 6800,
                   "y": 5700
                 },
                 {
                     "map": "nockcas2",
                     "x": 210,
                     "y": 620
                 }
               ]
             }
          ]
      }
    ]
  } 
]