[
  {
    "name": "Gold Statue",
    "type": "toggle",
    "loop": true,
    "img": "images/item/goldstatue.gif",
    "codes": "gold"
  },
  {
    "name": "Ring",
    "type": "toggle",
    "loop": true,
    "img": "images/item/ring.gif",
    "codes": "ring"
  },
  {
    "name": "Medicinal Herbs",
    "type": "toggle",
    "loop": true,
    "img": "images/item/medicinalherbs.gif",
    "codes": "medicinalherbs"
  },
  {
    "name": "Dragon Scale",
    "type": "toggle",
    "loop": true,
    "img": "images/item/dragonscale.gif",
    "codes": "dragonscale"
  },
  {
    "name": "Thieves Bracelet",
    "type": "toggle",
    "loop": true,
    "img": "images/item/thievesbracelet.gif",
    "codes": "thievesbracelet"
  },  
  {
    "name": "Key",
    "type": "toggle",
    "loop": true,
    "img": "images/item/key.gif",
    "codes": "key"
  },
  {
    "name": "Glass Necklace",
    "type": "toggle",
    "loop": true,
    "img": "images/item/glassnecklace.gif",
    "codes": "glassnecklace"
  },
  {
    "name": "Wakka Seed",
    "type": "toggle",
    "loop": true,
    "img": "images/item/wakkaseed.gif",
    "codes": "wakkaseed"
  },
  {
    "name": "Zhena's Flute",
    "type": "toggle",
    "loop": true,
    "img": "images/item/flute.gif",
    "codes": "flute"
  },
  {
    "name": "Blue Crystal",
    "type": "toggle",
    "loop": true,
    "img": "images/item/bluecrystal.gif",
    "codes": "blue"
  },
  {
    "name": "Red Crystal",
    "type": "toggle",
    "loop": true,
    "img": "images/item/redcrystal.gif",
    "codes": "red"
  },
  {
    "name": "Crest of the Spirits",
    "type": "toggle",
    "loop": true,
    "img": "images/item/spiritcrest.gif",
    "codes": "crest"
  },
  {
    "name": "Power of Unrequited Love",
    "type": "toggle",
    "loop": true,
    "img": "images/item/dust.gif",
    "codes": "dust"
  },
  {
    "name": "Witch's Shoes",
    "type": "toggle",
    "loop": true,
    "img": "images/item/witchshoes.gif",
    "codes": "witchshoes"
  },
  {
    "name": "Key to Nockmaar",
    "type": "toggle",
    "loop": true,
    "img": "images/item/nockmaarkey.gif",
    "codes": "nockmaar"
  },
  {
      "name": "Acorns",
      "type": "toggle",
      "loop": true,
      "img": "images/magic/acorns.gif",
      "codes": "acorns"
  },
  {
      "name": "Healmace",
      "type": "toggle",
      "loop": true,
      "img": "images/magic/healmace.gif",
      "codes": "healmace"
  },
  {
      "name": "Fireflor",
      "type": "toggle",
      "loop": true,
      "img": "images/magic/fireflor.gif",
      "codes": "fireflor"
  },
  {
      "name": "Magic Cane",
      "type": "toggle",
      "loop": true,
      "img": "images/magic/wand.gif",
      "codes": "wand"
  },
  {
    "name": "Magic Cane Upgrade",
    "type": "toggle_badged",
    "base_item": "wand",
    "img": "images/up.png",
    "codes": "wandup"
},
  {
      "name": "Fleet",
      "type": "toggle",
      "loop": true,
      "img": "images/magic/fleet.gif",
      "codes": "fleet"
  },
  {
      "name": "Renew",
      "type": "toggle",
      "loop": true,
      "img": "images/magic/renew.gif",
      "codes": "renew"
  },
  {
      "name": "Terstorm",
      "type": "toggle",
      "loop": true,
      "img": "images/magic/terstorm.gif",
      "codes": "terstorm"
  },
  {
      "name": "Bombard",
      "type": "toggle",
      "loop": true,
      "img": "images/magic/bombard.gif",
      "codes": "bombard"
  },
  {
      "name": "Ocarina",
      "type": "toggle",
      "loop": true,
      "img": "images/magic/ocarina.gif",
      "codes": "ocarina"
  },
  {
      "name": "Healball",
      "type": "toggle",
      "loop": true,
      "img": "images/magic/healball.gif",
      "codes": "healball"
  },
  {
      "name": "Specter",
      "type": "toggle",
      "loop": true,
      "img": "images/magic/specter.gif",
      "codes": "specter"
  }, 
  {
      "name": "Thunder",
      "type": "toggle",
      "loop": true,
      "img": "images/magic/thunder.gif",
      "codes": "thunder"
  },
  {
      "name": "Long Sword +6",
      "type": "toggle",
      "loop": true,
      "img": "images/weapon/long_sword.gif",
      "codes": "longsword"
  },
  {
      "name": "Battle Sword +10",
      "type": "toggle",
      "loop": true,
      "img": "images/weapon/battle_sword.gif",
      "codes": "battlesword"
  },
  {
      "name": "Flame Sword +30",
      "type": "toggle",
      "loop": true,
      "img": "images/weapon/flame_sword.gif",
      "codes": "flamesword"
  },
  {
      "name": "Dragon Sword +40",
      "type": "toggle",
      "loop": true,
      "img": "images/weapon/dragon_sword.gif",
      "codes": "dragonsword"
  },
  {
      "name": "Devil Eye +90",
      "type": "toggle",
      "loop": true,
      "img": "images/weapon/devileye.gif",
      "codes": "devileye"
  },
  {
      "name": "Wing Sword +1*",
      "type": "toggle",
      "loop": true,
      "img": "images/weapon/wing_sword.gif",
      "codes": "wingsword"
  },
  {
    "name": "Wing Sword Upgrade +85*",
    "type": "toggle_badged",
    "base_item": "wingsword",
    "img": "images/up.png",
    "codes": "wsu"
},
  {
      "name": "Kaiser Sword +58",
      "type": "toggle",
      "loop": true,
      "img": "images/weapon/kaiser_sword.gif",
      "codes": "kaisersword"
  },
  {
      "name": "Wonder Sword +67",
      "type": "toggle",
      "loop": true,
      "img": "images/weapon/wonder_sword.gif",
      "codes": "wondersword"
  },
  {
      "name": "Wood Shield +6",
      "type": "toggle",
      "loop": true,
      "img": "images/shield/wood_shield.gif",
      "codes": "woodshield"
  },
  {
      "name": "Small Shield +15",
      "type": "toggle",
      "loop": true,
      "img": "images/shield/small_shield.gif",
      "codes": "smallshield"
  },
  {
      "name": "Gold Shield +25",
      "type": "toggle",
      "loop": true,
      "img": "images/shield/gold_shield.gif",
      "codes": "goldshield"
  },
  {
      "name": "Dragon Shield +35",
      "type": "toggle",
      "loop": true,
      "img": "images/shield/dragon_shield.gif",
      "codes": "dragonshield"
  },
  {
      "name": "Metal Shield +50",
      "type": "toggle",
      "loop": true,
      "img": "images/shield/metal_shield.gif",
      "codes": "metalshield"
  },
  {
      "name": "Tail Shield +60",
      "type": "toggle",
      "loop": true,
      "img": "images/shield/tail_shield.gif",
      "codes": "tailshield"
  },
  {
      "name": "Battle Shield +75",
      "type": "toggle",
      "loop": true,
      "img": "images/shield/battle_shield.gif",
      "codes": "battleshield"
  },
  {
      "name": "Fury Shield +80",
      "type": "toggle",
      "loop": true,
      "img": "images/shield/fury_shield.gif",
      "codes": "furyshield"
  },
  {
    "name": "Item",
    "type": "progressive",
    "allow_disabled": false,
    "stages": [
      {
	"img": "images/sqares.png",
	"codes": "chestclose"
      },
      {
	"img": "images/open.png",
	"codes": "chestopen"
      }
    ]
  },
  {
    "name": "Old wowan",
    "type": "toggle",
    "allow_disabled": false,
    "img": "images/Old.png",
    "codes": "Old"
  },
  {
    "name": "Old wowan2",
    "type": "toggle",
    "allow_disabled": false,
    "img": "images/Old.png",
    "codes": "old2"
  }
]